[
  {
    "Name": "TAT_BB_018",
    "LocalizedName": "Ship Arms",
    "HashNameMale": "MP_Bea_M_Back_000",
    "HashNameFemale": "",
    "Zone": "ZONE_TORSO",
    "ZoneID": 0,
    "Price": 7250
  },
  {
    "Name": "TAT_BB_019",
    "LocalizedName": "Tribal Hammerhead",
    "HashNameMale": "MP_Bea_M_Chest_000",
    "HashNameFemale": "",
    "Zone": "ZONE_TORSO",
    "ZoneID": 0,
    "Price": 5800
  },
  {
    "Name": "TAT_BB_020",
    "LocalizedName": "Tribal Shark",
    "HashNameMale": "MP_Bea_M_Chest_001",
    "HashNameFemale": "",
    "Zone": "ZONE_TORSO",
    "ZoneID": 0,
    "Price": 5900
  },
  {
    "Name": "TAT_BB_021",
    "LocalizedName": "Pirate Skull",
    "HashNameMale": "MP_Bea_M_Head_000",
    "HashNameFemale": "",
    "Zone": "ZONE_HEAD",
    "ZoneID": 1,
    "Price": 12000
  },
  {
    "Name": "TAT_BB_022",
    "LocalizedName": "Surf LS",
    "HashNameMale": "MP_Bea_M_Head_001",
    "HashNameFemale": "",
    "Zone": "ZONE_HEAD",
    "ZoneID": 1,
    "Price": 1450
  },
  {
    "Name": "TAT_BB_031",
    "LocalizedName": "Shark",
    "HashNameMale": "MP_Bea_M_Head_002",
    "HashNameFemale": "",
    "Zone": "ZONE_HEAD",
    "ZoneID": 1,
    "Price": 1850
  },
  {
    "Name": "TAT_BB_027",
    "LocalizedName": "Tribal Star",
    "HashNameMale": "MP_Bea_M_Lleg_000",
    "HashNameFemale": "",
    "Zone": "ZONE_LEFT_LEG",
    "ZoneID": 4,
    "Price": 4450
  },
  {
    "Name": "TAT_BB_025",
    "LocalizedName": "Tribal Tiki Tower",
    "HashNameMale": "MP_Bea_M_Rleg_000",
    "HashNameFemale": "",
    "Zone": "ZONE_RIGHT_LEG",
    "ZoneID": 5,
    "Price": 6500
  },
  {
    "Name": "TAT_BB_026",
    "LocalizedName": "Tribal Sun",
    "HashNameMale": "MP_Bea_M_RArm_000",
    "HashNameFemale": "",
    "Zone": "ZONE_RIGHT_ARM",
    "ZoneID": 3,
    "Price": 6200
  },
  {
    "Name": "TAT_BB_024",
    "LocalizedName": "Tiki Tower",
    "HashNameMale": "MP_Bea_M_LArm_000",
    "HashNameFemale": "",
    "Zone": "ZONE_LEFT_ARM",
    "ZoneID": 2,
    "Price": 4800
  },
  {
    "Name": "TAT_BB_017",
    "LocalizedName": "Mermaid L.S.",
    "HashNameMale": "MP_Bea_M_LArm_001",
    "HashNameFemale": "",
    "Zone": "ZONE_LEFT_ARM",
    "ZoneID": 2,
    "Price": 6600
  },
  {
    "Name": "TAT_BB_028",
    "LocalizedName": "Little Fish",
    "HashNameMale": "MP_Bea_M_Neck_000",
    "HashNameFemale": "",
    "Zone": "ZONE_HEAD",
    "ZoneID": 1,
    "Price": 1650
  },
  {
    "Name": "TAT_BB_029",
    "LocalizedName": "Surfs Up",
    "HashNameMale": "MP_Bea_M_Neck_001",
    "HashNameFemale": "",
    "Zone": "ZONE_HEAD",
    "ZoneID": 1,
    "Price": 2250
  },
  {
    "Name": "TAT_BB_030",
    "LocalizedName": "Vespucci Beauty",
    "HashNameMale": "MP_Bea_M_RArm_001",
    "HashNameFemale": "",
    "Zone": "ZONE_RIGHT_ARM",
    "ZoneID": 3,
    "Price": 7000
  },
  {
    "Name": "TAT_BB_023",
    "LocalizedName": "Swordfish",
    "HashNameMale": "MP_Bea_M_Stom_000",
    "HashNameFemale": "",
    "Zone": "ZONE_TORSO",
    "ZoneID": 0,
    "Price": 3100
  },
  {
    "Name": "TAT_BB_032",
    "LocalizedName": "Wheel",
    "HashNameMale": "MP_Bea_M_Stom_001",
    "HashNameFemale": "",
    "Zone": "ZONE_TORSO",
    "ZoneID": 0,
    "Price": 5500
  },
  {
    "Name": "TAT_BB_003",
    "LocalizedName": "Rock Solid",
    "HashNameMale": "",
    "HashNameFemale": "MP_Bea_F_Back_000",
    "Zone": "ZONE_TORSO",
    "ZoneID": 0,
    "Price": 5500
  },
  {
    "Name": "TAT_BB_001",
    "LocalizedName": "Hibiscus Flower Duo",
    "HashNameMale": "",
    "HashNameFemale": "MP_Bea_F_Back_001",
    "Zone": "ZONE_TORSO",
    "ZoneID": 0,
    "Price": 6900
  },
  {
    "Name": "TAT_BB_005",
    "LocalizedName": "Shrimp",
    "HashNameMale": "",
    "HashNameFemale": "MP_Bea_F_Back_002",
    "Zone": "ZONE_TORSO",
    "ZoneID": 0,
    "Price": 2500
  },
  {
    "Name": "TAT_BB_012",
    "LocalizedName": "Anchor",
    "HashNameMale": "",
    "HashNameFemale": "MP_Bea_F_Chest_000",
    "Zone": "ZONE_TORSO",
    "ZoneID": 0,
    "Price": 2500
  },
  {
    "Name": "TAT_BB_013",
    "LocalizedName": "Anchor",
    "HashNameMale": "",
    "HashNameFemale": "MP_Bea_F_Chest_001",
    "Zone": "ZONE_TORSO",
    "ZoneID": 0,
    "Price": 2500
  },
  {
    "Name": "TAT_BB_000",
    "LocalizedName": "Los Santos Wreath",
    "HashNameMale": "",
    "HashNameFemale": "MP_Bea_F_Chest_002",
    "Zone": "ZONE_TORSO",
    "ZoneID": 0,
    "Price": 8500
  },
  {
    "Name": "TAT_BB_006",
    "LocalizedName": "Love Dagger",
    "HashNameMale": "",
    "HashNameFemale": "MP_Bea_F_RSide_000",
    "Zone": "ZONE_TORSO",
    "ZoneID": 0,
    "Price": 6850
  },
  {
    "Name": "TAT_BB_007",
    "LocalizedName": "School of Fish",
    "HashNameMale": "",
    "HashNameFemale": "MP_Bea_F_RLeg_000",
    "Zone": "ZONE_RIGHT_LEG",
    "ZoneID": 5,
    "Price": 2950
  },
  {
    "Name": "TAT_BB_015",
    "LocalizedName": "Tribal Fish",
    "HashNameMale": "",
    "HashNameFemale": "MP_Bea_F_RArm_001",
    "Zone": "ZONE_RIGHT_ARM",
    "ZoneID": 3,
    "Price": 3700
  },
  {
    "Name": "TAT_BB_008",
    "LocalizedName": "Tribal Butterfly",
    "HashNameMale": "",
    "HashNameFemale": "MP_Bea_F_Neck_000",
    "Zone": "ZONE_HEAD",
    "ZoneID": 1,
    "Price": 1700
  },
  {
    "Name": "TAT_BB_011",
    "LocalizedName": "Sea Horses",
    "HashNameMale": "",
    "HashNameFemale": "MP_Bea_F_Should_000",
    "Zone": "ZONE_TORSO",
    "ZoneID": 0,
    "Price": 5100
  },
  {
    "Name": "TAT_BB_004",
    "LocalizedName": "Catfish",
    "HashNameMale": "",
    "HashNameFemale": "MP_Bea_F_Should_001",
    "Zone": "ZONE_TORSO",
    "ZoneID": 0,
    "Price": 5250
  },
  {
    "Name": "TAT_BB_014",
    "LocalizedName": "Swallow",
    "HashNameMale": "",
    "HashNameFemale": "MP_Bea_F_Stom_000",
    "Zone": "ZONE_TORSO",
    "ZoneID": 0,
    "Price": 2100
  },
  {
    "Name": "TAT_BB_009",
    "LocalizedName": "Hibiscus Flower",
    "HashNameMale": "",
    "HashNameFemale": "MP_Bea_F_Stom_001",
    "Zone": "ZONE_TORSO",
    "ZoneID": 0,
    "Price": 2650
  },
  {
    "Name": "TAT_BB_010",
    "LocalizedName": "Dolphin",
    "HashNameMale": "",
    "HashNameFemale": "MP_Bea_F_Stom_002",
    "Zone": "ZONE_TORSO",
    "ZoneID": 0,
    "Price": 1900
  },
  {
    "Name": "TAT_BB_002",
    "LocalizedName": "Tribal Flower",
    "HashNameMale": "",
    "HashNameFemale": "MP_Bea_F_LArm_000",
    "Zone": "ZONE_LEFT_ARM",
    "ZoneID": 2,
    "Price": 3500
  },
  {
    "Name": "TAT_BB_016",
    "LocalizedName": "Parrot",
    "HashNameMale": "",
    "HashNameFemale": "MP_Bea_F_LArm_001",
    "Zone": "ZONE_LEFT_ARM",
    "ZoneID": 2,
    "Price": 5250
  }
]