[
  {
    "Name": "TAT_BI_000",
    "LocalizedName": "Demon Rider",
    "HashNameMale": "MP_MP_Biker_Tat_000_M",
    "HashNameFemale": "MP_MP_Biker_Tat_000_F",
    "Zone": "ZONE_TORSO",
    "ZoneID": 0,
    "Price": 6720
  },
  {
    "Name": "TAT_BI_001",
    "LocalizedName": "Both Barrels",
    "HashNameMale": "MP_MP_Biker_Tat_001_M",
    "HashNameFemale": "MP_MP_Biker_Tat_001_F",
    "Zone": "ZONE_TORSO",
    "ZoneID": 0,
    "Price": 10800
  },
  {
    "Name": "TAT_BI_002",
    "LocalizedName": "Rose Tribute",
    "HashNameMale": "MP_MP_Biker_Tat_002_M",
    "HashNameFemale": "MP_MP_Biker_Tat_002_F",
    "Zone": "ZONE_LEFT_LEG",
    "ZoneID": 4,
    "Price": 16820
  },
  {
    "Name": "TAT_BI_003",
    "LocalizedName": "Web Rider",
    "HashNameMale": "MP_MP_Biker_Tat_003_M",
    "HashNameFemale": "MP_MP_Biker_Tat_003_F",
    "Zone": "ZONE_TORSO",
    "ZoneID": 0,
    "Price": 10850
  },
  {
    "Name": "TAT_BI_004",
    "LocalizedName": "Dragon's Fury",
    "HashNameMale": "MP_MP_Biker_Tat_004_M",
    "HashNameFemale": "MP_MP_Biker_Tat_004_F",
    "Zone": "ZONE_RIGHT_LEG",
    "ZoneID": 5,
    "Price": 17950
  },
  {
    "Name": "TAT_BI_005",
    "LocalizedName": "Made In America",
    "HashNameMale": "MP_MP_Biker_Tat_005_M",
    "HashNameFemale": "MP_MP_Biker_Tat_005_F",
    "Zone": "ZONE_TORSO",
    "ZoneID": 0,
    "Price": 9230
  },
  {
    "Name": "TAT_BI_006",
    "LocalizedName": "Chopper Freedom",
    "HashNameMale": "MP_MP_Biker_Tat_006_M",
    "HashNameFemale": "MP_MP_Biker_Tat_006_F",
    "Zone": "ZONE_TORSO",
    "ZoneID": 0,
    "Price": 10400
  },
  {
    "Name": "TAT_BI_007",
    "LocalizedName": "Swooping Eagle",
    "HashNameMale": "MP_MP_Biker_Tat_007_M",
    "HashNameFemale": "MP_MP_Biker_Tat_007_F",
    "Zone": "ZONE_RIGHT_ARM",
    "ZoneID": 3,
    "Price": 5100
  },
  {
    "Name": "TAT_BI_008",
    "LocalizedName": "Freedom Wheels",
    "HashNameMale": "MP_MP_Biker_Tat_008_M",
    "HashNameFemale": "MP_MP_Biker_Tat_008_F",
    "Zone": "ZONE_TORSO",
    "ZoneID": 0,
    "Price": 8785
  },
  {
    "Name": "TAT_BI_009",
    "LocalizedName": "Morbid Arachnid",
    "HashNameMale": "MP_MP_Biker_Tat_009_M",
    "HashNameFemale": "MP_MP_Biker_Tat_009_F",
    "Zone": "ZONE_HEAD",
    "ZoneID": 1,
    "Price": 6350
  },
  {
    "Name": "TAT_BI_010",
    "LocalizedName": "Skull Of Taurus",
    "HashNameMale": "MP_MP_Biker_Tat_010_M",
    "HashNameFemale": "MP_MP_Biker_Tat_010_F",
    "Zone": "ZONE_TORSO",
    "ZoneID": 0,
    "Price": 11350
  },
  {
    "Name": "TAT_BI_011",
    "LocalizedName": "R.I.P. My Brothers",
    "HashNameMale": "MP_MP_Biker_Tat_011_M",
    "HashNameFemale": "MP_MP_Biker_Tat_011_F",
    "Zone": "ZONE_TORSO",
    "ZoneID": 0,
    "Price": 12350
  },
  {
    "Name": "TAT_BI_012",
    "LocalizedName": "Urban Stunter",
    "HashNameMale": "MP_MP_Biker_Tat_012_M",
    "HashNameFemale": "MP_MP_Biker_Tat_012_F",
    "Zone": "ZONE_LEFT_ARM",
    "ZoneID": 2,
    "Price": 4985
  },
  {
    "Name": "TAT_BI_013",
    "LocalizedName": "Demon Crossbones",
    "HashNameMale": "MP_MP_Biker_Tat_013_M",
    "HashNameFemale": "MP_MP_Biker_Tat_013_F",
    "Zone": "ZONE_TORSO",
    "ZoneID": 0,
    "Price": 11140
  },
  {
    "Name": "TAT_BI_014",
    "LocalizedName": "Lady Mortality",
    "HashNameMale": "MP_MP_Biker_Tat_014_M",
    "HashNameFemale": "MP_MP_Biker_Tat_014_F",
    "Zone": "ZONE_RIGHT_ARM",
    "ZoneID": 3,
    "Price": 8300
  },
  {
    "Name": "TAT_BI_015",
    "LocalizedName": "Ride or Die",
    "HashNameMale": "MP_MP_Biker_Tat_015_M",
    "HashNameFemale": "MP_MP_Biker_Tat_015_F",
    "Zone": "ZONE_LEFT_LEG",
    "ZoneID": 4,
    "Price": 8975
  },
  {
    "Name": "TAT_BI_016",
    "LocalizedName": "Macabre Tree",
    "HashNameMale": "MP_MP_Biker_Tat_016_M",
    "HashNameFemale": "MP_MP_Biker_Tat_016_F",
    "Zone": "ZONE_LEFT_ARM",
    "ZoneID": 2,
    "Price": 9000
  },
  {
    "Name": "TAT_BI_017",
    "LocalizedName": "Clawed Beast",
    "HashNameMale": "MP_MP_Biker_Tat_017_M",
    "HashNameFemale": "MP_MP_Biker_Tat_017_F",
    "Zone": "ZONE_TORSO",
    "ZoneID": 0,
    "Price": 15650
  },
  {
    "Name": "TAT_BI_018",
    "LocalizedName": "Skeletal Chopper",
    "HashNameMale": "MP_MP_Biker_Tat_018_M",
    "HashNameFemale": "MP_MP_Biker_Tat_018_F",
    "Zone": "ZONE_TORSO",
    "ZoneID": 0,
    "Price": 7650
  },
  {
    "Name": "TAT_BI_019",
    "LocalizedName": "Gruesome Talons",
    "HashNameMale": "MP_MP_Biker_Tat_019_M",
    "HashNameFemale": "MP_MP_Biker_Tat_019_F",
    "Zone": "ZONE_TORSO",
    "ZoneID": 0,
    "Price": 9900
  },
  {
    "Name": "TAT_BI_020",
    "LocalizedName": "Cranial Rose",
    "HashNameMale": "MP_MP_Biker_Tat_020_M",
    "HashNameFemale": "MP_MP_Biker_Tat_020_F",
    "Zone": "ZONE_LEFT_ARM",
    "ZoneID": 2,
    "Price": 9745
  },
  {
    "Name": "TAT_BI_021",
    "LocalizedName": "Flaming Reaper",
    "HashNameMale": "MP_MP_Biker_Tat_021_M",
    "HashNameFemale": "MP_MP_Biker_Tat_021_F",
    "Zone": "ZONE_TORSO",
    "ZoneID": 0,
    "Price": 13700
  },
  {
    "Name": "TAT_BI_022",
    "LocalizedName": "Western Insignia",
    "HashNameMale": "MP_MP_Biker_Tat_022_M",
    "HashNameFemale": "MP_MP_Biker_Tat_022_F",
    "Zone": "ZONE_RIGHT_LEG",
    "ZoneID": 5,
    "Price": 9385
  },
  {
    "Name": "TAT_BI_023",
    "LocalizedName": "Western MC",
    "HashNameMale": "MP_MP_Biker_Tat_023_M",
    "HashNameFemale": "MP_MP_Biker_Tat_023_F",
    "Zone": "ZONE_TORSO",
    "ZoneID": 0,
    "Price": 10000
  },
  {
    "Name": "TAT_BI_024",
    "LocalizedName": "Live to Ride",
    "HashNameMale": "MP_MP_Biker_Tat_024_M",
    "HashNameFemale": "MP_MP_Biker_Tat_024_F",
    "Zone": "ZONE_LEFT_ARM",
    "ZoneID": 2,
    "Price": 15320
  },
  {
    "Name": "TAT_BI_025",
    "LocalizedName": "Good Luck",
    "HashNameMale": "MP_MP_Biker_Tat_025_M",
    "HashNameFemale": "MP_MP_Biker_Tat_025_F",
    "Zone": "ZONE_LEFT_ARM",
    "ZoneID": 2,
    "Price": 12950
  },
  {
    "Name": "TAT_BI_026",
    "LocalizedName": "American Dream",
    "HashNameMale": "MP_MP_Biker_Tat_026_M",
    "HashNameFemale": "MP_MP_Biker_Tat_026_F",
    "Zone": "ZONE_TORSO",
    "ZoneID": 0,
    "Price": 11000
  },
  {
    "Name": "TAT_BI_027",
    "LocalizedName": "Bad Luck",
    "HashNameMale": "MP_MP_Biker_Tat_027_M",
    "HashNameFemale": "MP_MP_Biker_Tat_027_F",
    "Zone": "ZONE_LEFT_LEG",
    "ZoneID": 4,
    "Price": 6960
  },
  {
    "Name": "TAT_BI_028",
    "LocalizedName": "Dusk Rider",
    "HashNameMale": "MP_MP_Biker_Tat_028_M",
    "HashNameFemale": "MP_MP_Biker_Tat_028_F",
    "Zone": "ZONE_RIGHT_LEG",
    "ZoneID": 5,
    "Price": 14520
  },
  {
    "Name": "TAT_BI_029",
    "LocalizedName": "Bone Wrench",
    "HashNameMale": "MP_MP_Biker_Tat_029_M",
    "HashNameFemale": "MP_MP_Biker_Tat_029_F",
    "Zone": "ZONE_TORSO",
    "ZoneID": 0,
    "Price": 9630
  },
  {
    "Name": "TAT_BI_030",
    "LocalizedName": "Brothers For Life",
    "HashNameMale": "MP_MP_Biker_Tat_030_M",
    "HashNameFemale": "MP_MP_Biker_Tat_030_F",
    "Zone": "ZONE_TORSO",
    "ZoneID": 0,
    "Price": 9810
  },
  {
    "Name": "TAT_BI_031",
    "LocalizedName": "Gear Head",
    "HashNameMale": "MP_MP_Biker_Tat_031_M",
    "HashNameFemale": "MP_MP_Biker_Tat_031_F",
    "Zone": "ZONE_TORSO",
    "ZoneID": 0,
    "Price": 8600
  },
  {
    "Name": "TAT_BI_032",
    "LocalizedName": "Western Eagle",
    "HashNameMale": "MP_MP_Biker_Tat_032_M",
    "HashNameFemale": "MP_MP_Biker_Tat_032_F",
    "Zone": "ZONE_TORSO",
    "ZoneID": 0,
    "Price": 7655
  },
  {
    "Name": "TAT_BI_033",
    "LocalizedName": "Eagle Emblem",
    "HashNameMale": "MP_MP_Biker_Tat_033_M",
    "HashNameFemale": "MP_MP_Biker_Tat_033_F",
    "Zone": "ZONE_RIGHT_ARM",
    "ZoneID": 3,
    "Price": 4385
  },
  {
    "Name": "TAT_BI_034",
    "LocalizedName": "Brotherhood of Bikes",
    "HashNameMale": "MP_MP_Biker_Tat_034_M",
    "HashNameFemale": "MP_MP_Biker_Tat_034_F",
    "Zone": "ZONE_TORSO",
    "ZoneID": 0,
    "Price": 9975
  },
  {
    "Name": "TAT_BI_035",
    "LocalizedName": "Chain Fist",
    "HashNameMale": "MP_MP_Biker_Tat_035_M",
    "HashNameFemale": "MP_MP_Biker_Tat_035_F",
    "Zone": "ZONE_LEFT_ARM",
    "ZoneID": 2,
    "Price": 5780
  },
  {
    "Name": "TAT_BI_036",
    "LocalizedName": "Engulfed Skull",
    "HashNameMale": "MP_MP_Biker_Tat_036_M",
    "HashNameFemale": "MP_MP_Biker_Tat_036_F",
    "Zone": "ZONE_LEFT_LEG",
    "ZoneID": 4,
    "Price": 9300
  },
  {
    "Name": "TAT_BI_037",
    "LocalizedName": "Scorched Soul",
    "HashNameMale": "MP_MP_Biker_Tat_037_M",
    "HashNameFemale": "MP_MP_Biker_Tat_037_F",
    "Zone": "ZONE_LEFT_LEG",
    "ZoneID": 4,
    "Price": 12495
  },
  {
    "Name": "TAT_BI_038",
    "LocalizedName": "FTW",
    "HashNameMale": "MP_MP_Biker_Tat_038_M",
    "HashNameFemale": "MP_MP_Biker_Tat_038_F",
    "Zone": "ZONE_HEAD",
    "ZoneID": 1,
    "Price": 3900
  },
  {
    "Name": "TAT_BI_039",
    "LocalizedName": "Gas Guzzler",
    "HashNameMale": "MP_MP_Biker_Tat_039_M",
    "HashNameFemale": "MP_MP_Biker_Tat_039_F",
    "Zone": "ZONE_TORSO",
    "ZoneID": 0,
    "Price": 10950
  },
  {
    "Name": "TAT_BI_040",
    "LocalizedName": "American Made",
    "HashNameMale": "MP_MP_Biker_Tat_040_M",
    "HashNameFemale": "MP_MP_Biker_Tat_040_F",
    "Zone": "ZONE_RIGHT_LEG",
    "ZoneID": 5,
    "Price": 13620
  },
  {
    "Name": "TAT_BI_041",
    "LocalizedName": "No Regrets",
    "HashNameMale": "MP_MP_Biker_Tat_041_M",
    "HashNameFemale": "MP_MP_Biker_Tat_041_F",
    "Zone": "ZONE_TORSO",
    "ZoneID": 0,
    "Price": 8320
  },
  {
    "Name": "TAT_BI_042",
    "LocalizedName": "Grim Rider",
    "HashNameMale": "MP_MP_Biker_Tat_042_M",
    "HashNameFemale": "MP_MP_Biker_Tat_042_F",
    "Zone": "ZONE_RIGHT_ARM",
    "ZoneID": 3,
    "Price": 7865
  },
  {
    "Name": "TAT_BI_043",
    "LocalizedName": "Ride Forever",
    "HashNameMale": "MP_MP_Biker_Tat_043_M",
    "HashNameFemale": "MP_MP_Biker_Tat_043_F",
    "Zone": "ZONE_TORSO",
    "ZoneID": 0,
    "Price": 6850
  },
  {
    "Name": "TAT_BI_044",
    "LocalizedName": "Ride Free",
    "HashNameMale": "MP_MP_Biker_Tat_044_M",
    "HashNameFemale": "MP_MP_Biker_Tat_044_F",
    "Zone": "ZONE_LEFT_LEG",
    "ZoneID": 4,
    "Price": 11900
  },
  {
    "Name": "TAT_BI_045",
    "LocalizedName": "Ride Hard Die Fast",
    "HashNameMale": "MP_MP_Biker_Tat_045_M",
    "HashNameFemale": "MP_MP_Biker_Tat_045_F",
    "Zone": "ZONE_LEFT_ARM",
    "ZoneID": 2,
    "Price": 6320
  },
  {
    "Name": "TAT_BI_046",
    "LocalizedName": "Skull Chain",
    "HashNameMale": "MP_MP_Biker_Tat_046_M",
    "HashNameFemale": "MP_MP_Biker_Tat_046_F",
    "Zone": "ZONE_RIGHT_ARM",
    "ZoneID": 3,
    "Price": 4985
  },
  {
    "Name": "TAT_BI_047",
    "LocalizedName": "Snake Bike",
    "HashNameMale": "MP_MP_Biker_Tat_047_M",
    "HashNameFemale": "MP_MP_Biker_Tat_047_F",
    "Zone": "ZONE_RIGHT_ARM",
    "ZoneID": 3,
    "Price": 13500
  },
  {
    "Name": "TAT_BI_048",
    "LocalizedName": "STFU",
    "HashNameMale": "MP_MP_Biker_Tat_048_M",
    "HashNameFemale": "MP_MP_Biker_Tat_048_F",
    "Zone": "ZONE_RIGHT_LEG",
    "ZoneID": 5,
    "Price": 8930
  },
  {
    "Name": "TAT_BI_049",
    "LocalizedName": "These Colors Don't Run",
    "HashNameMale": "MP_MP_Biker_Tat_049_M",
    "HashNameFemale": "MP_MP_Biker_Tat_049_F",
    "Zone": "ZONE_RIGHT_ARM",
    "ZoneID": 3,
    "Price": 8790
  },
  {
    "Name": "TAT_BI_050",
    "LocalizedName": "Unforgiven",
    "HashNameMale": "MP_MP_Biker_Tat_050_M",
    "HashNameFemale": "MP_MP_Biker_Tat_050_F",
    "Zone": "ZONE_TORSO",
    "ZoneID": 0,
    "Price": 8720
  },
  {
    "Name": "TAT_BI_051",
    "LocalizedName": "Western Stylized",
    "HashNameMale": "MP_MP_Biker_Tat_051_M",
    "HashNameFemale": "MP_MP_Biker_Tat_051_F",
    "Zone": "ZONE_HEAD",
    "ZoneID": 1,
    "Price": 4125
  },
  {
    "Name": "TAT_BI_052",
    "LocalizedName": "Biker Mount",
    "HashNameMale": "MP_MP_Biker_Tat_052_M",
    "HashNameFemale": "MP_MP_Biker_Tat_052_F",
    "Zone": "ZONE_TORSO",
    "ZoneID": 0,
    "Price": 9135
  },
  {
    "Name": "TAT_BI_053",
    "LocalizedName": "Muffler Helmet",
    "HashNameMale": "MP_MP_Biker_Tat_053_M",
    "HashNameFemale": "MP_MP_Biker_Tat_053_F",
    "Zone": "ZONE_LEFT_ARM",
    "ZoneID": 2,
    "Price": 8400
  },
  {
    "Name": "TAT_BI_054",
    "LocalizedName": "Mum",
    "HashNameMale": "MP_MP_Biker_Tat_054_M",
    "HashNameFemale": "MP_MP_Biker_Tat_054_F",
    "Zone": "ZONE_RIGHT_ARM",
    "ZoneID": 3,
    "Price": 10450
  },
  {
    "Name": "TAT_BI_055",
    "LocalizedName": "Poison Scorpion",
    "HashNameMale": "MP_MP_Biker_Tat_055_M",
    "HashNameFemale": "MP_MP_Biker_Tat_055_F",
    "Zone": "ZONE_LEFT_ARM",
    "ZoneID": 2,
    "Price": 10995
  },
  {
    "Name": "TAT_BI_056",
    "LocalizedName": "Bone Cruiser",
    "HashNameMale": "MP_MP_Biker_Tat_056_M",
    "HashNameFemale": "MP_MP_Biker_Tat_056_F",
    "Zone": "ZONE_LEFT_LEG",
    "ZoneID": 4,
    "Price": 14960
  },
  {
    "Name": "TAT_BI_057",
    "LocalizedName": "Laughing Skull",
    "HashNameMale": "MP_MP_Biker_Tat_057_M",
    "HashNameFemale": "MP_MP_Biker_Tat_057_F",
    "Zone": "ZONE_LEFT_LEG",
    "ZoneID": 4,
    "Price": 13865
  },
  {
    "Name": "TAT_BI_058",
    "LocalizedName": "Reaper Vulture",
    "HashNameMale": "MP_MP_Biker_Tat_058_M",
    "HashNameFemale": "MP_MP_Biker_Tat_058_F",
    "Zone": "ZONE_TORSO",
    "ZoneID": 0,
    "Price": 7985
  },
  {
    "Name": "TAT_BI_059",
    "LocalizedName": "Faggio",
    "HashNameMale": "MP_MP_Biker_Tat_059_M",
    "HashNameFemale": "MP_MP_Biker_Tat_059_F",
    "Zone": "ZONE_TORSO",
    "ZoneID": 0,
    "Price": 6395
  },
  {
    "Name": "TAT_BI_060",
    "LocalizedName": "We Are The Mods!",
    "HashNameMale": "MP_MP_Biker_Tat_060_M",
    "HashNameFemale": "MP_MP_Biker_Tat_060_F",
    "Zone": "ZONE_TORSO",
    "ZoneID": 0,
    "Price": 7105
  }
]