[
  {
    "Name": "TAT_GR_000",
    "LocalizedName": "Bullet Proof",
    "HashNameMale": "MP_Gunrunning_Tattoo_000_M",
    "HashNameFemale": "MP_Gunrunning_Tattoo_000_F",
    "Zone": "ZONE_TORSO",
    "ZoneID": 0,
    "Price": 16985
  },
  {
    "Name": "TAT_GR_001",
    "LocalizedName": "Crossed Weapons",
    "HashNameMale": "MP_Gunrunning_Tattoo_001_M",
    "HashNameFemale": "MP_Gunrunning_Tattoo_001_F",
    "Zone": "ZONE_TORSO",
    "ZoneID": 0,
    "Price": 19355
  },
  {
    "Name": "TAT_GR_002",
    "LocalizedName": "Grenade",
    "HashNameMale": "MP_Gunrunning_Tattoo_002_M",
    "HashNameFemale": "MP_Gunrunning_Tattoo_002_F",
    "Zone": "ZONE_RIGHT_ARM",
    "ZoneID": 3,
    "Price": 14650
  },
  {
    "Name": "TAT_GR_003",
    "LocalizedName": "Lock & Load",
    "HashNameMale": "MP_Gunrunning_Tattoo_003_M",
    "HashNameFemale": "MP_Gunrunning_Tattoo_003_F",
    "Zone": "ZONE_HEAD",
    "ZoneID": 1,
    "Price": 8750
  },
  {
    "Name": "TAT_GR_004",
    "LocalizedName": "Sidearm",
    "HashNameMale": "MP_Gunrunning_Tattoo_004_M",
    "HashNameFemale": "MP_Gunrunning_Tattoo_004_F",
    "Zone": "ZONE_LEFT_ARM",
    "ZoneID": 2,
    "Price": 11285
  },
  {
    "Name": "TAT_GR_005",
    "LocalizedName": "Patriot Skull",
    "HashNameMale": "MP_Gunrunning_Tattoo_005_M",
    "HashNameFemale": "MP_Gunrunning_Tattoo_005_F",
    "Zone": "ZONE_LEFT_LEG",
    "ZoneID": 4,
    "Price": 9120
  },
  {
    "Name": "TAT_GR_006",
    "LocalizedName": "Combat Skull",
    "HashNameMale": "MP_Gunrunning_Tattoo_006_M",
    "HashNameFemale": "MP_Gunrunning_Tattoo_006_F",
    "Zone": "ZONE_RIGHT_LEG",
    "ZoneID": 5,
    "Price": 10670
  },
  {
    "Name": "TAT_GR_007",
    "LocalizedName": "Stylized Tiger",
    "HashNameMale": "MP_Gunrunning_Tattoo_007_M",
    "HashNameFemale": "MP_Gunrunning_Tattoo_007_F",
    "Zone": "ZONE_LEFT_LEG",
    "ZoneID": 4,
    "Price": 9660
  },
  {
    "Name": "TAT_GR_008",
    "LocalizedName": "Bandolier",
    "HashNameMale": "MP_Gunrunning_Tattoo_008_M",
    "HashNameFemale": "MP_Gunrunning_Tattoo_008_F",
    "Zone": "ZONE_LEFT_ARM",
    "ZoneID": 2,
    "Price": 13445
  },
  {
    "Name": "TAT_GR_009",
    "LocalizedName": "Butterfly Knife",
    "HashNameMale": "MP_Gunrunning_Tattoo_009_M",
    "HashNameFemale": "MP_Gunrunning_Tattoo_009_F",
    "Zone": "ZONE_TORSO",
    "ZoneID": 0,
    "Price": 14650
  },
  {
    "Name": "TAT_GR_010",
    "LocalizedName": "Cash Money",
    "HashNameMale": "MP_Gunrunning_Tattoo_010_M",
    "HashNameFemale": "MP_Gunrunning_Tattoo_010_F",
    "Zone": "ZONE_TORSO",
    "ZoneID": 0,
    "Price": 19050
  },
  {
    "Name": "TAT_GR_011",
    "LocalizedName": "Death Skull",
    "HashNameMale": "MP_Gunrunning_Tattoo_011_M",
    "HashNameFemale": "MP_Gunrunning_Tattoo_011_F",
    "Zone": "ZONE_LEFT_LEG",
    "ZoneID": 4,
    "Price": 9785
  },
  {
    "Name": "TAT_GR_012",
    "LocalizedName": "Dollar Daggers",
    "HashNameMale": "MP_Gunrunning_Tattoo_012_M",
    "HashNameFemale": "MP_Gunrunning_Tattoo_012_F",
    "Zone": "ZONE_TORSO",
    "ZoneID": 0,
    "Price": 15060
  },
  {
    "Name": "TAT_GR_013",
    "LocalizedName": "Wolf Insignia",
    "HashNameMale": "MP_Gunrunning_Tattoo_013_M",
    "HashNameFemale": "MP_Gunrunning_Tattoo_013_F",
    "Zone": "ZONE_TORSO",
    "ZoneID": 0,
    "Price": 16115
  },
  {
    "Name": "TAT_GR_014",
    "LocalizedName": "Backstabber",
    "HashNameMale": "MP_Gunrunning_Tattoo_014_M",
    "HashNameFemale": "MP_Gunrunning_Tattoo_014_F",
    "Zone": "ZONE_TORSO",
    "ZoneID": 0,
    "Price": 17200
  },
  {
    "Name": "TAT_GR_015",
    "LocalizedName": "Spiked Skull",
    "HashNameMale": "MP_Gunrunning_Tattoo_015_M",
    "HashNameFemale": "MP_Gunrunning_Tattoo_015_F",
    "Zone": "ZONE_LEFT_ARM",
    "ZoneID": 2,
    "Price": 10425
  },
  {
    "Name": "TAT_GR_016",
    "LocalizedName": "Blood Money",
    "HashNameMale": "MP_Gunrunning_Tattoo_016_M",
    "HashNameFemale": "MP_Gunrunning_Tattoo_016_F",
    "Zone": "ZONE_LEFT_ARM",
    "ZoneID": 2,
    "Price": 10360
  },
  {
    "Name": "TAT_GR_017",
    "LocalizedName": "Dog Tags",
    "HashNameMale": "MP_Gunrunning_Tattoo_017_M",
    "HashNameFemale": "MP_Gunrunning_Tattoo_017_F",
    "Zone": "ZONE_TORSO",
    "ZoneID": 0,
    "Price": 8980
  },
  {
    "Name": "TAT_GR_018",
    "LocalizedName": "Dual Wield Skull",
    "HashNameMale": "MP_Gunrunning_Tattoo_018_M",
    "HashNameFemale": "MP_Gunrunning_Tattoo_018_F",
    "Zone": "ZONE_TORSO",
    "ZoneID": 0,
    "Price": 17755
  },
  {
    "Name": "TAT_GR_019",
    "LocalizedName": "Pistol Wings",
    "HashNameMale": "MP_Gunrunning_Tattoo_019_M",
    "HashNameFemale": "MP_Gunrunning_Tattoo_019_F",
    "Zone": "ZONE_TORSO",
    "ZoneID": 0,
    "Price": 18025
  },
  {
    "Name": "TAT_GR_020",
    "LocalizedName": "Crowned Weapons",
    "HashNameMale": "MP_Gunrunning_Tattoo_020_M",
    "HashNameFemale": "MP_Gunrunning_Tattoo_020_F",
    "Zone": "ZONE_TORSO",
    "ZoneID": 0,
    "Price": 19875
  },
  {
    "Name": "TAT_GR_021",
    "LocalizedName": "Have a Nice Day",
    "HashNameMale": "MP_Gunrunning_Tattoo_021_M",
    "HashNameFemale": "MP_Gunrunning_Tattoo_021_F",
    "Zone": "ZONE_RIGHT_ARM",
    "ZoneID": 3,
    "Price": 9460
  },
  {
    "Name": "TAT_GR_022",
    "LocalizedName": "Explosive Heart",
    "HashNameMale": "MP_Gunrunning_Tattoo_022_M",
    "HashNameFemale": "MP_Gunrunning_Tattoo_022_F",
    "Zone": "ZONE_TORSO",
    "ZoneID": 0,
    "Price": 10825
  },
  {
    "Name": "TAT_GR_023",
    "LocalizedName": "Rose Revolver",
    "HashNameMale": "MP_Gunrunning_Tattoo_023_M",
    "HashNameFemale": "MP_Gunrunning_Tattoo_023_F",
    "Zone": "ZONE_LEFT_LEG",
    "ZoneID": 4,
    "Price": 8880
  },
  {
    "Name": "TAT_GR_024",
    "LocalizedName": "Combat Reaper",
    "HashNameMale": "MP_Gunrunning_Tattoo_024_M",
    "HashNameFemale": "MP_Gunrunning_Tattoo_024_F",
    "Zone": "ZONE_RIGHT_ARM",
    "ZoneID": 3,
    "Price": 10340
  },
  {
    "Name": "TAT_GR_025",
    "LocalizedName": "Praying Skull",
    "HashNameMale": "MP_Gunrunning_Tattoo_025_M",
    "HashNameFemale": "MP_Gunrunning_Tattoo_025_F",
    "Zone": "ZONE_LEFT_ARM",
    "ZoneID": 2,
    "Price": 12150
  },
  {
    "Name": "TAT_GR_026",
    "LocalizedName": "Restless Skull",
    "HashNameMale": "MP_Gunrunning_Tattoo_026_M",
    "HashNameFemale": "MP_Gunrunning_Tattoo_026_F",
    "Zone": "ZONE_RIGHT_LEG",
    "ZoneID": 5,
    "Price": 11510
  },
  {
    "Name": "TAT_GR_027",
    "LocalizedName": "Serpent Revolver",
    "HashNameMale": "MP_Gunrunning_Tattoo_027_M",
    "HashNameFemale": "MP_Gunrunning_Tattoo_027_F",
    "Zone": "ZONE_LEFT_ARM",
    "ZoneID": 2,
    "Price": 8420
  },
  {
    "Name": "TAT_GR_028",
    "LocalizedName": "Micro SMG Chain",
    "HashNameMale": "MP_Gunrunning_Tattoo_028_M",
    "HashNameFemale": "MP_Gunrunning_Tattoo_028_F",
    "Zone": "ZONE_TORSO",
    "ZoneID": 0,
    "Price": 9960
  },
  {
    "Name": "TAT_GR_029",
    "LocalizedName": "Win Some Lose Some",
    "HashNameMale": "MP_Gunrunning_Tattoo_029_M",
    "HashNameFemale": "MP_Gunrunning_Tattoo_029_F",
    "Zone": "ZONE_TORSO",
    "ZoneID": 0,
    "Price": 14090
  },
  {
    "Name": "TAT_GR_030",
    "LocalizedName": "Pistol Ace",
    "HashNameMale": "MP_Gunrunning_Tattoo_030_M",
    "HashNameFemale": "MP_Gunrunning_Tattoo_030_F",
    "Zone": "ZONE_RIGHT_LEG",
    "ZoneID": 5,
    "Price": 11050
  }
]